epoch,aux_out_acc,aux_out_loss,loss,main_out_acc,main_out_loss,val_aux_out_acc,val_aux_out_loss,val_loss,val_main_out_acc,val_main_out_loss
0,0.652381500967,0.589438275806,0.693185121091,0.658983909988,0.575297464373,0.655815429986,0.581940372462,0.679862443278,0.668241956295,0.563474368038
1,0.66579880445,0.573558268371,0.671627419286,0.673673566043,0.556915764573,0.661099391731,0.581603207179,0.677779195157,0.669803592274,0.561458551949
2,0.669677303739,0.570014025483,0.664523333868,0.679929086184,0.550520527596,0.661089151495,0.582243713518,0.678189132826,0.669163577529,0.561740389042
3,0.672378172881,0.567814843389,0.65932809967,0.684895613328,0.545765129801,0.658390849326,0.582818402188,0.67756048606,0.669547586378,0.560996804523
4,0.674478706655,0.566198784455,0.65526125243,0.687125430411,0.542021494361,0.656071435887,0.584076188049,0.679421381685,0.670510168553,0.562606142439
5,0.675676817326,0.564980517752,0.651039570698,0.691427620547,0.538043466077,0.658047801423,0.583616290747,0.679938479869,0.6689843734,0.563215220213
6,0.677193656158,0.564018665808,0.647404694091,0.694408816866,0.53460095982,0.660300653328,0.584154284506,0.681234532128,0.6689843734,0.564403673519
7,0.678380246534,0.563111175638,0.64346155328,0.69759609846,0.530839317063,0.655774469045,0.586025386344,0.686285816836,0.667525139779,0.569080737998
8,0.679305710226,0.56235284806,0.63941873397,0.700670737171,0.526948163405,0.659747680588,0.585220298224,0.684319176562,0.66749441907,0.567275115595
9,0.679990527757,0.561732136328,0.63566142662,0.704449393905,0.523314998196,0.658319167675,0.58544428641,0.686670241114,0.667535380016,0.569581382218
10,0.680659984896,0.56116202313,0.632315157794,0.706907056821,0.520082752135,0.660285292974,0.585871819364,0.68998419548,0.667130890697,0.572809830235
11,0.681271840559,0.560749126976,0.628603562772,0.709994495859,0.516453736323,0.65976816106,0.586063114835,0.691252567929,0.664442828764,0.574039943361
12,0.681810734355,0.560233794765,0.624940628277,0.713192017716,0.512893868434,0.658974542775,0.586778418391,0.693291324912,0.665139164808,0.575935639754
13,0.681995059074,0.559920558547,0.621286806832,0.716872111926,0.509302694043,0.65812972331,0.586512191518,0.6987765685,0.661268355622,0.581474129287
14,0.682883401815,0.55957202736,0.617905274212,0.719663863395,0.505990867752,0.657924918591,0.586633797844,0.700121396026,0.662466463226,0.582794634932
15,0.683104847484,0.559267399439,0.613920583801,0.722661700139,0.502067102946,0.658529092512,0.587479194503,0.703304185863,0.660034407193,0.585808345551
16,0.6832187704,0.558983480666,0.610657546939,0.725479052264,0.498860849755,0.658861900179,0.587548949935,0.707607315488,0.66124787515,0.590097524142
17,0.683282772039,0.558772314402,0.607456571481,0.728434647927,0.495702107606,0.65906158478,0.588132311932,0.709405220813,0.659599197164,0.591778756792
18,0.683746143901,0.558517220052,0.603841995485,0.731440164868,0.492138550352,0.65883629959,0.588391009763,0.714905636616,0.65739242632,0.597227433078
19,0.683624540788,0.558318727172,0.601190926589,0.733334613366,0.489527180198,0.660060007784,0.58885008682,0.719573679814,0.659425113155,0.601803660937
